date,open,high,low,close,volume,average,barCount
2025-10-08 04:00:00-04:00,256.0,256.0,255.75,256.0,1261.0,255.93,11
2025-10-08 04:05:00-04:00,256.0,256.0,256.0,256.0,1500.0,256.0,1
2025-10-08 04:10:00-04:00,256.0,256.0,256.0,256.0,0.0,256.0,0
2025-10-08 04:15:00-04:00,256.12,256.25,256.08,256.11,700.0,256.156,7
2025-10-08 04:20:00-04:00,256.11,256.11,256.11,256.11,0.0,256.11,0
2025-10-08 04:25:00-04:00,256.16,256.16,256.16,256.16,100.0,256.16,1
2025-10-08 04:30:00-04:00,256.17,256.26,256.17,256.26,955.0,256.187,5
2025-10-08 04:35:00-04:00,256.26,256.26,256.26,256.26,0.0,256.26,0
2025-10-08 04:40:00-04:00,256.26,256.26,256.26,256.26,0.0,256.26,0
2025-10-08 04:45:00-04:00,256.14,256.14,256.14,256.14,295.0,256.14,2
2025-10-08 04:50:00-04:00,256.0,256.03,256.0,256.0,1047.0,256.004,8
2025-10-08 04:55:00-04:00,255.95,255.95,255.83,255.83,499.0,255.859,3
2025-10-08 05:00:00-04:00,255.85,255.89,255.82,255.82,763.0,255.845,5
2025-10-08 05:05:00-04:00,255.71,255.86,255.61,255.86,300.0,255.727,3
2025-10-08 05:10:00-04:00,255.76,255.77,255.61,255.61,796.0,255.705,6
2025-10-08 05:15:00-04:00,255.64,255.69,255.64,255.68,399.0,255.663,3
2025-10-08 05:20:00-04:00,255.77,255.77,255.77,255.77,100.0,255.77,1
2025-10-08 05:25:00-04:00,255.66,255.91,255.66,255.91,951.0,255.742,6
2025-10-08 05:30:00-04:00,255.78,255.78,255.78,255.78,100.0,255.78,1
2025-10-08 05:35:00-04:00,255.78,255.78,255.78,255.78,0.0,255.78,0
2025-10-08 05:40:00-04:00,255.78,255.78,255.78,255.78,0.0,255.78,0
2025-10-08 05:45:00-04:00,255.69,255.69,255.6,255.6,350.0,255.626,3
2025-10-08 05:50:00-04:00,255.63,255.63,255.6,255.6,400.0,255.613,4
2025-10-08 05:55:00-04:00,255.6,255.6,255.6,255.6,0.0,255.6,0
2025-10-08 06:00:00-04:00,255.59,255.71,255.59,255.71,683.0,255.635,3
2025-10-08 06:05:00-04:00,255.65,255.65,255.65,255.65,150.0,255.65,1
2025-10-08 06:10:00-04:00,255.61,255.61,255.5,255.54,1940.0,255.582,7
2025-10-08 06:15:00-04:00,255.66,255.66,255.66,255.66,100.0,255.66,1
2025-10-08 06:20:00-04:00,255.85,255.9,255.83,255.9,563.0,255.866,4
2025-10-08 06:25:00-04:00,255.88,255.93,255.88,255.91,1144.0,255.9,7
2025-10-08 06:30:00-04:00,255.93,255.94,255.91,255.91,420.0,255.93,4
2025-10-08 06:35:00-04:00,255.92,255.92,255.92,255.92,100.0,255.92,1
2025-10-08 06:40:00-04:00,255.92,255.92,255.92,255.92,0.0,255.92,0
2025-10-08 06:45:00-04:00,255.84,255.84,255.76,255.76,875.0,255.808,7
2025-10-08 06:50:00-04:00,255.81,255.81,255.81,255.81,194.0,255.81,1
2025-10-08 06:55:00-04:00,255.81,255.81,255.81,255.81,0.0,255.81,0
2025-10-08 07:00:00-04:00,255.92,256.0,255.92,256.0,1011.0,255.985,5
2025-10-08 07:05:00-04:00,256.0,256.0,256.0,256.0,0.0,256.0,0
2025-10-08 07:10:00-04:00,256.0,256.0,256.0,256.0,100.0,256.0,1
2025-10-08 07:15:00-04:00,256.0,256.0,256.0,256.0,944.0,256.0,2
2025-10-08 07:20:00-04:00,255.92,256.0,255.9,255.9,1703.0,255.93,5
2025-10-08 07:25:00-04:00,255.95,255.95,255.9,255.9,1368.0,255.906,6
2025-10-08 07:30:00-04:00,255.95,255.96,255.95,255.96,300.0,255.953,2
2025-10-08 07:35:00-04:00,255.96,255.96,255.96,255.96,0.0,255.96,0
2025-10-08 07:40:00-04:00,255.9,255.9,255.9,255.9,485.0,255.9,1
2025-10-08 07:45:00-04:00,255.9,255.9,255.9,255.9,0.0,255.9,0
2025-10-08 07:50:00-04:00,255.99,256.0,255.99,256.0,880.0,255.999,5
2025-10-08 07:55:00-04:00,256.0,256.0,255.99,256.0,493.0,255.998,4
2025-10-08 08:00:00-04:00,255.98,256.53,255.59,256.0,16512.0,255.93,76
2025-10-08 08:05:00-04:00,255.9,256.02,255.9,256.0,2363.0,255.968,7
2025-10-08 08:10:00-04:00,255.92,255.94,255.85,255.85,1109.0,255.89,8
2025-10-08 08:15:00-04:00,255.85,255.94,255.79,255.92,2241.0,255.859,12
2025-10-08 08:20:00-04:00,255.93,255.95,255.89,255.95,1996.0,255.926,8
2025-10-08 08:25:00-04:00,255.88,255.95,255.88,255.88,866.0,255.926,6
2025-10-08 08:30:00-04:00,255.95,255.95,255.87,255.88,2443.0,255.882,14
2025-10-08 08:35:00-04:00,255.81,255.93,255.81,255.92,457.0,255.89,3
2025-10-08 08:40:00-04:00,255.9,256.1,255.89,255.89,3171.0,255.96,16
2025-10-08 08:45:00-04:00,255.9,255.99,255.85,255.85,3054.0,255.942,9
2025-10-08 08:50:00-04:00,255.89,255.89,255.85,255.85,1018.0,255.884,4
2025-10-08 08:55:00-04:00,255.85,255.9,255.85,255.9,426.0,255.873,3
2025-10-08 09:00:00-04:00,255.88,255.9,255.86,255.9,600.0,255.879,4
2025-10-08 09:05:00-04:00,256.0,256.43,255.99,256.19,11068.0,256.278,40
2025-10-08 09:10:00-04:00,256.33,256.4,256.2,256.36,4364.0,256.37,23
2025-10-08 09:15:00-04:00,256.3,256.35,256.22,256.3,3904.0,256.284,15
2025-10-08 09:20:00-04:00,256.3,256.3,256.12,256.24,2603.0,256.212,18
2025-10-08 09:25:00-04:00,256.36,256.61,256.36,256.52,62561.0,256.452,169
2025-10-08 09:30:00-04:00,256.52,257.68,256.36,256.63,1500014.0,256.819,5572
2025-10-08 09:35:00-04:00,256.64,256.89,256.11,256.28,725827.0,256.56,2860
2025-10-08 09:40:00-04:00,256.28,257.44,256.23,256.92,632460.0,257.114,2492
2025-10-08 09:45:00-04:00,256.9,257.57,256.83,257.34,389323.0,257.156,2290
2025-10-08 09:50:00-04:00,257.35,257.89,257.31,257.34,408563.0,257.585,2117
2025-10-08 09:55:00-04:00,257.32,257.34,257.02,257.22,315494.0,257.198,1893
2025-10-08 10:00:00-04:00,257.22,257.77,257.17,257.35,396626.0,257.453,2330
2025-10-08 10:05:00-04:00,257.35,257.78,257.25,257.69,348689.0,257.58,1401
2025-10-08 10:10:00-04:00,257.71,258.12,257.68,257.78,554066.0,257.956,2113
2025-10-08 10:15:00-04:00,257.81,258.19,257.7,257.86,308993.0,257.942,1703
2025-10-08 10:20:00-04:00,257.84,258.08,257.7,257.87,208387.0,257.845,1113
2025-10-08 10:25:00-04:00,257.85,257.94,257.62,257.84,221999.0,257.799,1333
2025-10-08 10:30:00-04:00,257.86,257.86,257.54,257.62,232597.0,257.692,1496
2025-10-08 10:35:00-04:00,257.62,257.67,257.2,257.44,287750.0,257.336,1825
2025-10-08 10:40:00-04:00,257.42,257.57,257.32,257.38,159661.0,257.412,1018
2025-10-08 10:45:00-04:00,257.4,257.58,257.3,257.47,140206.0,257.445,876
2025-10-08 10:50:00-04:00,257.48,257.71,257.29,257.69,248812.0,257.507,1417
2025-10-08 10:55:00-04:00,257.68,257.69,257.39,257.61,159381.0,257.518,1022
2025-10-08 11:00:00-04:00,257.6,258.18,257.57,258.13,402686.0,257.91,1658
2025-10-08 11:05:00-04:00,258.12,258.4,258.0,258.15,341987.0,258.222,1802
2025-10-08 11:10:00-04:00,258.16,258.44,258.11,258.2,234389.0,258.273,1471
2025-10-08 11:15:00-04:00,258.2,258.23,257.95,257.97,184828.0,258.096,1108
2025-10-08 11:20:00-04:00,257.97,258.32,257.95,258.31,189382.0,258.189,1125
2025-10-08 11:25:00-04:00,258.31,258.46,258.01,258.04,154241.0,258.261,913
2025-10-08 11:30:00-04:00,258.05,258.11,257.71,257.78,208342.0,257.891,978
2025-10-08 11:35:00-04:00,257.77,257.97,257.74,257.94,153809.0,257.822,729
2025-10-08 11:40:00-04:00,257.94,257.95,257.56,257.7,151127.0,257.703,867
2025-10-08 11:45:00-04:00,257.72,257.88,257.69,257.82,109590.0,257.785,720
2025-10-08 11:50:00-04:00,257.83,258.04,257.81,258.0,120889.0,257.956,744
2025-10-08 11:55:00-04:00,258.02,258.07,257.91,257.95,142575.0,257.982,728
2025-10-08 12:00:00-04:00,257.95,257.98,257.78,257.79,156730.0,257.882,898
2025-10-08 12:05:00-04:00,257.8,258.07,257.78,258.03,199609.0,257.94,1161
2025-10-08 12:10:00-04:00,258.05,258.52,258.04,258.35,300172.0,258.305,1626
2025-10-08 12:15:00-04:00,258.35,258.37,258.15,258.16,167939.0,258.259,1010
2025-10-08 12:20:00-04:00,258.16,258.28,258.05,258.23,197623.0,258.145,1045
2025-10-08 12:25:00-04:00,258.23,258.36,258.13,258.19,141744.0,258.248,817
2025-10-08 12:30:00-04:00,258.19,258.33,258.17,258.23,133556.0,258.271,766
2025-10-08 12:35:00-04:00,258.22,258.3,258.0,258.1,114027.0,258.139,674
2025-10-08 12:40:00-04:00,258.12,258.12,257.96,258.02,109784.0,258.03,634
2025-10-08 12:45:00-04:00,258.01,258.01,257.75,257.85,138030.0,257.851,790
2025-10-08 12:50:00-04:00,257.86,257.93,257.62,257.65,116211.0,257.758,697
2025-10-08 12:55:00-04:00,257.65,257.83,257.63,257.8,144999.0,257.732,872
2025-10-08 13:00:00-04:00,257.8,257.99,257.75,257.91,199218.0,257.866,1043
2025-10-08 13:05:00-04:00,257.89,257.92,257.79,257.91,141534.0,257.859,886
2025-10-08 13:10:00-04:00,257.91,258.09,257.84,258.06,118943.0,257.979,685
2025-10-08 13:15:00-04:00,258.06,258.1,257.79,257.83,99947.0,257.955,631
2025-10-08 13:20:00-04:00,257.82,257.95,257.78,257.93,99497.0,257.856,607
2025-10-08 13:25:00-04:00,257.92,257.96,257.85,257.93,105305.0,257.912,588
2025-10-08 13:30:00-04:00,257.93,258.2,257.91,258.15,154443.0,258.026,805
2025-10-08 13:35:00-04:00,258.14,258.18,257.87,257.94,119176.0,258.017,671
2025-10-08 13:40:00-04:00,257.95,258.02,257.71,257.73,148345.0,257.83,972
2025-10-08 13:45:00-04:00,257.75,257.91,257.69,257.75,133089.0,257.79,902
2025-10-08 13:50:00-04:00,257.75,257.96,257.66,257.86,120344.0,257.818,662
2025-10-08 13:55:00-04:00,257.84,257.86,257.71,257.82,109869.0,257.786,641
2025-10-08 14:00:00-04:00,257.81,257.9,257.68,257.73,144381.0,257.77,863
2025-10-08 14:05:00-04:00,257.75,258.08,257.65,257.98,162498.0,257.941,873
2025-10-08 14:10:00-04:00,257.99,258.05,257.86,257.91,153586.0,257.948,939
2025-10-08 14:15:00-04:00,257.9,258.19,257.9,258.02,218752.0,258.089,1226
2025-10-08 14:20:00-04:00,258.02,258.05,257.93,258.0,120823.0,257.993,674
2025-10-08 14:25:00-04:00,257.99,258.07,257.89,257.92,103466.0,257.984,642
2025-10-08 14:30:00-04:00,257.91,257.99,257.86,257.94,91271.0,257.918,614
2025-10-08 14:35:00-04:00,257.94,258.0,257.87,257.91,111149.0,257.929,637
2025-10-08 14:40:00-04:00,257.91,257.99,257.82,257.91,90843.0,257.916,594
2025-10-08 14:45:00-04:00,257.92,257.97,257.84,257.9,95706.0,257.915,541
2025-10-08 14:50:00-04:00,257.92,257.94,257.85,257.89,123441.0,257.901,724
2025-10-08 14:55:00-04:00,257.89,257.93,257.76,257.8,129115.0,257.829,792
2025-10-08 15:00:00-04:00,257.81,258.03,257.74,258.01,141855.0,257.847,776
2025-10-08 15:05:00-04:00,258.02,258.04,257.87,257.97,114848.0,257.951,683
2025-10-08 15:10:00-04:00,257.97,258.13,257.88,258.12,247983.0,258.039,803
2025-10-08 15:15:00-04:00,258.12,258.13,257.91,257.99,108999.0,258.008,609
2025-10-08 15:20:00-04:00,257.98,258.32,257.97,258.28,309993.0,258.148,1004
2025-10-08 15:25:00-04:00,258.27,258.43,258.23,258.25,239808.0,258.332,1158
2025-10-08 15:30:00-04:00,258.24,258.39,258.13,258.38,224183.0,258.271,1160
2025-10-08 15:35:00-04:00,258.37,258.49,258.32,258.37,256053.0,258.383,1322
2025-10-08 15:40:00-04:00,258.38,258.42,258.27,258.35,254454.0,258.378,1332
2025-10-08 15:45:00-04:00,258.34,258.34,258.0,258.08,379322.0,258.098,1981
2025-10-08 15:50:00-04:00,258.1,258.4,258.07,258.39,462482.0,258.214,2748
2025-10-08 15:55:00-04:00,258.37,258.38,257.88,258.03,1509497.0,258.049,8526
2025-10-08 16:00:00-04:00,258.04,258.15,257.97,257.97,5331422.0,258.06,74
2025-10-08 16:05:00-04:00,258.06,258.06,257.97,257.99,1246.0,258.005,8
2025-10-08 16:10:00-04:00,257.99,258.06,257.94,257.95,2919.0,257.992,16
2025-10-08 16:15:00-04:00,257.95,258.06,257.95,258.04,8376.0,258.057,4
2025-10-08 16:20:00-04:00,257.93,258.06,257.93,258.06,3573.0,258.023,15
2025-10-08 16:25:00-04:00,258.06,258.3,258.01,258.24,11487.0,258.106,25
2025-10-08 16:30:00-04:00,258.25,258.3,258.06,258.06,19164.0,258.065,4
2025-10-08 16:35:00-04:00,258.2,258.21,258.1,258.18,1948.0,258.191,6
2025-10-08 16:40:00-04:00,258.15,258.15,258.15,258.15,130.0,258.15,1
2025-10-08 16:45:00-04:00,258.14,258.14,258.1,258.11,845.0,258.126,8
2025-10-08 16:50:00-04:00,258.05,258.05,258.05,258.05,1470.0,258.05,3
2025-10-08 16:55:00-04:00,258.05,258.05,258.05,258.05,0.0,258.05,0
2025-10-08 17:00:00-04:00,258.04,258.06,257.98,258.0,2728.0,258.014,19
2025-10-08 17:05:00-04:00,257.9,257.94,257.9,257.9,1290.0,257.934,4
2025-10-08 17:10:00-04:00,257.9,257.9,257.9,257.9,200.0,257.9,1
2025-10-08 17:15:00-04:00,257.94,257.94,257.94,257.94,200.0,257.94,1
2025-10-08 17:20:00-04:00,257.9,257.9,257.9,257.9,495.0,257.9,1
2025-10-08 17:25:00-04:00,257.9,257.91,257.9,257.9,5554.0,257.901,11
2025-10-08 17:30:00-04:00,257.83,257.99,257.83,257.9,874.0,257.898,4
2025-10-08 17:35:00-04:00,257.9,257.9,257.9,257.9,0.0,257.9,0
2025-10-08 17:40:00-04:00,257.9,257.9,257.9,257.9,0.0,257.9,0
2025-10-08 17:45:00-04:00,258.0,258.0,257.96,257.96,225.0,257.979,2
2025-10-08 17:50:00-04:00,257.96,257.96,257.96,257.96,0.0,257.96,0
2025-10-08 17:55:00-04:00,257.94,258.06,257.94,258.06,883.0,258.007,4
2025-10-08 18:00:00-04:00,258.0,258.06,257.98,257.99,1280.0,258.046,4
2025-10-08 18:05:00-04:00,258.12,258.12,258.12,258.12,477.0,258.12,2
2025-10-08 18:10:00-04:00,258.1,258.1,258.1,258.1,635.0,258.1,2
2025-10-08 18:15:00-04:00,258.09,258.09,258.06,258.06,378.0,258.076,3
2025-10-08 18:20:00-04:00,258.06,258.06,258.06,258.06,1000.0,258.06,1
2025-10-08 18:25:00-04:00,258.09,258.09,258.08,258.09,589.0,258.089,2
2025-10-08 18:30:00-04:00,258.08,258.09,258.07,258.07,1325.0,258.086,6
2025-10-08 18:35:00-04:00,258.07,258.07,258.07,258.07,0.0,258.07,0
2025-10-08 18:40:00-04:00,258.06,258.09,258.06,258.06,300.0,258.07,3
2025-10-08 18:45:00-04:00,258.07,258.07,258.05,258.05,2992.0,258.051,2
2025-10-08 18:50:00-04:00,258.05,258.05,258.05,258.05,0.0,258.05,0
2025-10-08 18:55:00-04:00,258.01,258.09,258.01,258.08,536.0,258.053,3
2025-10-08 19:00:00-04:00,258.05,258.05,258.05,258.05,500.0,258.05,2
2025-10-08 19:05:00-04:00,258.0,258.1,258.0,258.1,360.0,258.028,2
2025-10-08 19:10:00-04:00,258.1,258.12,258.1,258.12,359.0,258.111,2
2025-10-08 19:15:00-04:00,258.15,258.21,258.15,258.21,2291.0,258.158,9
2025-10-08 19:20:00-04:00,258.19,258.2,258.19,258.2,496.0,258.193,2
2025-10-08 19:25:00-04:00,258.2,258.3,258.2,258.3,1252.0,258.263,7
2025-10-08 19:30:00-04:00,258.3,258.31,258.2,258.2,525.0,258.268,3
2025-10-08 19:35:00-04:00,258.3,258.3,258.27,258.27,400.0,258.293,2
2025-10-08 19:40:00-04:00,258.26,258.3,258.25,258.25,1396.0,258.267,5
2025-10-08 19:45:00-04:00,258.25,258.25,258.2,258.23,1917.0,258.225,7
2025-10-08 19:50:00-04:00,258.2,258.31,258.2,258.2,1375.0,258.222,11
2025-10-08 19:55:00-04:00,258.2,258.31,258.2,258.2,3139.0,258.263,14
2025-10-09 04:00:00-04:00,257.07,257.23,257.04,257.04,3772.0,257.098,24
2025-10-09 04:05:00-04:00,257.04,257.25,257.01,257.14,2033.0,257.102,14
2025-10-09 04:10:00-04:00,257.09,257.2,257.02,257.13,2277.0,257.112,15
2025-10-09 04:15:00-04:00,257.23,257.45,257.23,257.45,947.0,257.333,7
2025-10-09 04:20:00-04:00,257.3,257.3,257.27,257.3,686.0,257.283,6
2025-10-09 04:25:00-04:00,257.39,257.39,257.39,257.39,410.0,257.39,2
2025-10-09 04:30:00-04:00,257.35,257.43,257.35,257.43,640.0,257.367,4
2025-10-09 04:35:00-04:00,257.4,257.4,257.35,257.35,994.0,257.368,7
2025-10-09 04:40:00-04:00,257.4,257.4,257.32,257.36,766.0,257.343,7
2025-10-09 04:45:00-04:00,257.36,257.5,257.36,257.46,750.0,257.448,6
2025-10-09 04:50:00-04:00,257.52,257.65,257.52,257.53,775.0,257.597,6
2025-10-09 04:55:00-04:00,257.57,257.65,257.57,257.65,690.0,257.616,5
2025-10-09 05:00:00-04:00,257.62,257.65,257.51,257.65,1422.0,257.572,8
2025-10-09 05:05:00-04:00,257.71,257.79,257.71,257.79,944.0,257.73,6
2025-10-09 05:10:00-04:00,257.8,257.8,257.8,257.8,486.0,257.8,1
2025-10-09 05:15:00-04:00,257.86,257.86,257.75,257.79,931.0,257.803,8
2025-10-09 05:20:00-04:00,257.75,257.75,257.7,257.7,200.0,257.725,2
2025-10-09 05:25:00-04:00,257.77,257.77,257.77,257.77,219.0,257.77,2
2025-10-09 05:30:00-04:00,257.85,257.85,257.85,257.85,200.0,257.85,2
2025-10-09 05:35:00-04:00,257.85,257.85,257.85,257.85,0.0,257.85,0
2025-10-09 05:40:00-04:00,257.8,257.8,257.77,257.77,334.0,257.791,3
2025-10-09 05:45:00-04:00,257.75,257.75,257.75,257.75,679.0,257.75,4
2025-10-09 05:50:00-04:00,257.6,257.6,257.6,257.6,200.0,257.6,2
2025-10-09 05:55:00-04:00,257.61,257.61,257.61,257.61,100.0,257.61,1
2025-10-09 06:00:00-04:00,257.6,257.6,257.59,257.6,540.0,257.598,4
2025-10-09 06:05:00-04:00,257.56,257.7,257.55,257.7,665.0,257.587,6
2025-10-09 06:10:00-04:00,257.57,257.57,257.57,257.57,275.0,257.57,2
2025-10-09 06:15:00-04:00,257.55,257.56,257.55,257.56,200.0,257.555,2
2025-10-09 06:20:00-04:00,257.56,257.56,257.56,257.56,0.0,257.56,0
2025-10-09 06:25:00-04:00,257.5,257.5,257.45,257.45,600.0,257.483,6
2025-10-09 06:30:00-04:00,257.45,257.47,257.32,257.32,1215.0,257.405,9
2025-10-09 06:35:00-04:00,257.32,257.32,257.32,257.32,0.0,257.32,0
2025-10-09 06:40:00-04:00,257.38,257.38,257.38,257.38,194.0,257.38,1
2025-10-09 06:45:00-04:00,257.35,257.35,257.35,257.35,100.0,257.35,1
2025-10-09 06:50:00-04:00,257.25,257.25,257.15,257.25,1008.0,257.172,4
2025-10-09 06:55:00-04:00,257.25,257.25,257.25,257.25,0.0,257.25,0
2025-10-09 07:00:00-04:00,257.44,257.7,257.44,257.56,1637.0,257.592,12
2025-10-09 07:05:00-04:00,257.45,257.45,257.45,257.45,175.0,257.45,1
2025-10-09 07:10:00-04:00,257.5,257.6,257.5,257.53,1769.0,257.543,8
2025-10-09 07:15:00-04:00,257.64,257.85,257.64,257.85,2460.0,257.774,10
2025-10-09 07:20:00-04:00,257.67,257.67,257.54,257.54,1830.0,257.639,6
2025-10-09 07:25:00-04:00,257.54,257.65,257.5,257.6,604.0,257.582,5
2025-10-09 07:30:00-04:00,257.69,257.87,257.62,257.62,5238.0,257.796,23
2025-10-09 07:35:00-04:00,257.61,257.64,257.6,257.6,1414.0,257.621,8
2025-10-09 07:40:00-04:00,257.63,257.63,257.56,257.56,1073.0,257.581,7
2025-10-09 07:45:00-04:00,257.53,257.53,257.5,257.5,435.0,257.513,4
2025-10-09 07:50:00-04:00,257.5,257.6,257.5,257.54,475.0,257.555,4
2025-10-09 07:55:00-04:00,257.5,257.5,257.37,257.37,2821.0,257.471,13
2025-10-09 08:00:00-04:00,257.48,257.87,257.0,257.25,34294.0,257.45,157
2025-10-09 08:05:00-04:00,257.25,257.39,257.2,257.22,4797.0,257.28,24
2025-10-09 08:10:00-04:00,257.23,257.26,257.12,257.2,3088.0,257.191,19
2025-10-09 08:15:00-04:00,257.15,257.32,257.03,257.05,2766.0,257.11,20
2025-10-09 08:20:00-04:00,257.05,257.2,257.0,257.08,5343.0,257.044,28
2025-10-09 08:25:00-04:00,257.01,257.25,257.0,257.25,4991.0,257.105,20
2025-10-09 08:30:00-04:00,257.03,257.2,257.0,257.19,1250.0,257.097,9
2025-10-09 08:35:00-04:00,257.05,257.2,257.01,257.08,5393.0,257.118,23
2025-10-09 08:40:00-04:00,257.02,257.15,257.0,257.15,5283.0,257.055,26
2025-10-09 08:45:00-04:00,257.09,257.15,257.04,257.05,1081.0,257.084,8
2025-10-09 08:50:00-04:00,257.11,257.14,257.08,257.1,1009.0,257.108,10
2025-10-09 08:55:00-04:00,257.09,257.2,257.05,257.07,2983.0,257.115,18
2025-10-09 09:00:00-04:00,257.08,257.26,257.05,257.14,6207.0,257.165,24
2025-10-09 09:05:00-04:00,257.18,257.26,257.05,257.15,3441.0,257.127,18
2025-10-09 09:10:00-04:00,257.12,257.15,257.05,257.1,6999.0,257.095,19
2025-10-09 09:15:00-04:00,257.14,257.18,257.07,257.15,3820.0,257.123,17
2025-10-09 09:20:00-04:00,257.2,257.35,257.16,257.35,15458.0,257.236,56
2025-10-09 09:25:00-04:00,257.2,258.0,257.15,257.78,32755.0,257.649,144
2025-10-09 09:30:00-04:00,257.81,258.0,256.33,256.57,1475464.0,257.35,6337
2025-10-09 09:35:00-04:00,256.57,257.02,256.51,256.99,408504.0,256.714,2552
2025-10-09 09:40:00-04:00,256.99,257.06,255.49,255.69,897082.0,256.027,4961
2025-10-09 09:45:00-04:00,255.7,256.14,255.34,256.03,484456.0,255.689,2832
2025-10-09 09:50:00-04:00,256.02,256.09,254.8,254.83,525136.0,255.398,3124
2025-10-09 09:55:00-04:00,254.86,255.33,254.77,255.16,448500.0,255.073,2706
2025-10-09 10:00:00-04:00,255.17,255.55,255.12,255.54,396955.0,255.408,2509
2025-10-09 10:05:00-04:00,255.54,255.63,255.09,255.38,408696.0,255.328,1749
2025-10-09 10:10:00-04:00,255.38,255.63,255.16,255.53,299125.0,255.387,1771
2025-10-09 10:15:00-04:00,255.55,255.83,255.28,255.38,515800.0,255.577,2944
2025-10-09 10:20:00-04:00,255.37,255.56,255.01,255.05,317731.0,255.253,2206
2025-10-09 10:25:00-04:00,255.05,255.19,254.81,254.9,368422.0,254.977,2235
2025-10-09 10:30:00-04:00,254.91,255.14,254.57,254.9,411435.0,254.842,2609
2025-10-09 10:35:00-04:00,254.9,255.02,254.71,255.0,243037.0,254.854,1437
2025-10-09 10:40:00-04:00,255.0,255.12,254.81,254.88,221614.0,254.967,1279
2025-10-09 10:45:00-04:00,254.88,255.08,254.75,255.03,173418.0,254.865,1116
2025-10-09 10:50:00-04:00,255.05,255.19,254.98,255.02,160192.0,255.088,931
2025-10-09 10:55:00-04:00,255.04,255.21,254.89,254.94,168981.0,255.019,1061
2025-10-09 11:00:00-04:00,254.95,255.23,254.95,255.06,177228.0,255.116,1008
2025-10-09 11:05:00-04:00,255.06,255.13,254.72,254.95,243721.0,254.92,1361
2025-10-09 11:10:00-04:00,254.94,255.18,254.91,255.07,145264.0,255.061,805
2025-10-09 11:15:00-04:00,255.07,255.13,254.79,254.91,244454.0,254.957,1166
2025-10-09 11:20:00-04:00,254.91,255.12,254.75,254.82,298254.0,254.941,1603
2025-10-09 11:25:00-04:00,254.82,254.87,254.63,254.64,319197.0,254.734,1578
2025-10-09 11:30:00-04:00,254.63,254.66,254.33,254.44,362954.0,254.451,1546
2025-10-09 11:35:00-04:00,254.44,254.47,254.22,254.26,163672.0,254.366,895
2025-10-09 11:40:00-04:00,254.24,254.24,253.81,254.16,453274.0,254.014,2596
2025-10-09 11:45:00-04:00,254.17,254.39,254.15,254.36,251824.0,254.251,1378
2025-10-09 11:50:00-04:00,254.34,254.38,254.03,254.31,299805.0,254.173,1708
2025-10-09 11:55:00-04:00,254.3,254.35,254.07,254.1,193022.0,254.2,1134
2025-10-09 12:00:00-04:00,254.1,254.44,254.1,254.37,193558.0,254.313,1147
2025-10-09 12:05:00-04:00,254.35,254.76,254.35,254.61,320761.0,254.577,1385
2025-10-09 12:10:00-04:00,254.62,254.65,254.33,254.37,187503.0,254.482,939
2025-10-09 12:15:00-04:00,254.34,254.45,254.24,254.34,185713.0,254.326,1147
2025-10-09 12:20:00-04:00,254.34,254.36,253.77,253.97,250981.0,253.981,1455
2025-10-09 12:25:00-04:00,253.97,254.01,253.75,253.99,214713.0,253.893,1235
2025-10-09 12:30:00-04:00,254.0,254.01,253.83,253.96,130277.0,253.9,835
2025-10-09 12:35:00-04:00,253.95,254.02,253.88,253.95,149901.0,253.956,818
2025-10-09 12:40:00-04:00,253.94,253.94,253.52,253.78,221072.0,253.721,1083
2025-10-09 12:45:00-04:00,253.77,254.0,253.61,253.98,146621.0,253.797,780
2025-10-09 12:50:00-04:00,253.99,254.05,253.83,253.86,166929.0,253.97,967
2025-10-09 12:55:00-04:00,253.85,253.86,253.57,253.79,173304.0,253.736,925
2025-10-09 13:00:00-04:00,253.77,253.83,253.53,253.6,138887.0,253.686,714
2025-10-09 13:05:00-04:00,253.62,253.9,253.55,253.8,130440.0,253.743,773
2025-10-09 13:10:00-04:00,253.81,253.83,253.23,253.28,203024.0,253.44,1177
2025-10-09 13:15:00-04:00,253.28,253.38,253.18,253.31,183493.0,253.277,939
2025-10-09 13:20:00-04:00,253.3,253.51,253.28,253.39,143891.0,253.404,757
2025-10-09 13:25:00-04:00,253.38,253.49,253.2,253.4,133518.0,253.333,716
2025-10-09 13:30:00-04:00,253.4,253.46,253.14,253.32,200184.0,253.294,1059
2025-10-09 13:35:00-04:00,253.33,253.74,253.28,253.69,176600.0,253.518,1040
2025-10-09 13:40:00-04:00,253.69,253.74,253.35,253.46,171177.0,253.513,890
2025-10-09 13:45:00-04:00,253.45,253.58,253.36,253.56,123051.0,253.446,642
2025-10-09 13:50:00-04:00,253.55,253.69,253.42,253.42,101329.0,253.546,633
2025-10-09 13:55:00-04:00,253.44,253.72,253.43,253.63,104202.0,253.565,596
2025-10-09 14:00:00-04:00,253.63,253.82,253.6,253.64,207621.0,253.696,1267
2025-10-09 14:05:00-04:00,253.64,253.68,253.47,253.54,156059.0,253.547,1020
2025-10-09 14:10:00-04:00,253.54,253.75,253.47,253.72,132442.0,253.622,684
2025-10-09 14:15:00-04:00,253.72,253.86,253.64,253.7,130125.0,253.754,743
2025-10-09 14:20:00-04:00,253.7,253.78,253.54,253.56,99162.0,253.624,608
2025-10-09 14:25:00-04:00,253.57,253.67,253.42,253.44,156771.0,253.54,904
2025-10-09 14:30:00-04:00,253.42,253.57,253.38,253.57,109472.0,253.449,603
2025-10-09 14:35:00-04:00,253.58,253.66,253.5,253.61,113632.0,253.585,551
2025-10-09 14:40:00-04:00,253.62,253.66,253.39,253.41,111510.0,253.522,632
2025-10-09 14:45:00-04:00,253.41,253.52,253.32,253.52,119655.0,253.412,647
2025-10-09 14:50:00-04:00,253.51,253.73,253.47,253.64,170550.0,253.609,1062
2025-10-09 14:55:00-04:00,253.65,253.82,253.63,253.81,152787.0,253.734,976
2025-10-09 15:00:00-04:00,253.8,253.9,253.71,253.76,124196.0,253.817,760
2025-10-09 15:05:00-04:00,253.75,254.04,253.64,254.02,176663.0,253.821,921
2025-10-09 15:10:00-04:00,254.01,254.12,253.93,253.99,156049.0,254.017,836
2025-10-09 15:15:00-04:00,254.0,254.07,253.86,253.86,215116.0,253.966,1294
2025-10-09 15:20:00-04:00,253.86,254.11,253.79,254.0,206516.0,253.918,1110
2025-10-09 15:25:00-04:00,253.99,254.0,253.72,253.78,208375.0,253.857,1152
2025-10-09 15:30:00-04:00,253.78,253.82,253.64,253.65,227287.0,253.696,1170
2025-10-09 15:35:00-04:00,253.65,253.78,253.56,253.71,213714.0,253.64,1186
2025-10-09 15:40:00-04:00,253.71,253.74,253.62,253.69,205671.0,253.698,1086
2025-10-09 15:45:00-04:00,253.68,253.74,253.59,253.65,158727.0,253.659,954
2025-10-09 15:50:00-04:00,253.64,254.5,253.63,254.25,907260.0,254.091,5054
2025-10-09 15:55:00-04:00,254.24,254.42,253.86,254.03,1782566.0,254.043,9655
2025-10-09 16:00:00-04:00,254.03,254.19,253.74,254.04,5674602.0,254.04,131
2025-10-09 16:05:00-04:00,254.16,254.23,254.11,254.18,7200.0,254.151,31
2025-10-09 16:10:00-04:00,254.12,254.19,254.04,254.1,13307.0,254.142,28
2025-10-09 16:15:00-04:00,254.06,254.06,254.04,254.04,2997.0,254.044,17
2025-10-09 16:20:00-04:00,254.09,254.1,254.05,254.05,582.0,254.088,5
2025-10-09 16:25:00-04:00,254.04,254.07,254.04,254.04,775.0,254.049,5
2025-10-09 16:30:00-04:00,254.07,254.07,253.8,253.95,2358.0,253.979,16
2025-10-09 16:35:00-04:00,253.95,254.01,253.92,254.01,600.0,253.964,4
2025-10-09 16:40:00-04:00,254.02,254.03,253.95,254.03,2247.0,254.017,7
2025-10-09 16:45:00-04:00,254.01,254.04,253.89,253.9,46984.0,254.029,31
2025-10-09 16:50:00-04:00,253.89,253.91,253.8,253.8,3546.0,253.837,12
2025-10-09 16:55:00-04:00,254.02,254.02,254.01,254.02,100.0,254.015,1
2025-10-09 17:00:00-04:00,254.0,254.0,254.0,254.0,100.0,254.0,1
2025-10-09 17:05:00-04:00,253.99,254.0,253.99,254.0,248.0,253.996,2
2025-10-09 17:10:00-04:00,253.86,253.87,253.86,253.86,700.0,253.861,1
2025-10-09 17:15:00-04:00,253.92,253.92,253.91,253.91,236.0,253.916,2
2025-10-09 17:20:00-04:00,253.96,254.0,253.96,253.97,410.0,253.975,4
2025-10-09 17:25:00-04:00,254.0,254.04,254.0,254.04,924.0,254.022,6
2025-10-09 17:30:00-04:00,254.09,254.09,254.01,254.08,520.0,254.057,4
2025-10-09 17:35:00-04:00,254.05,254.07,254.05,254.05,1553.0,254.051,6
2025-10-09 17:40:00-04:00,254.02,254.02,253.95,253.95,8938.0,253.967,23
2025-10-09 17:45:00-04:00,253.95,253.97,253.95,253.97,900.0,253.966,2
2025-10-09 17:50:00-04:00,253.97,253.97,253.97,253.97,200.0,253.97,1
2025-10-09 17:55:00-04:00,253.97,253.97,253.97,253.97,0.0,253.97,0
2025-10-09 18:00:00-04:00,254.04,254.15,254.04,254.11,4997.0,254.076,28
2025-10-09 18:05:00-04:00,254.16,254.16,254.05,254.06,1205.0,254.131,10
2025-10-09 18:10:00-04:00,254.05,254.05,254.05,254.05,1208.0,254.05,5
2025-10-09 18:15:00-04:00,254.18,254.18,254.15,254.15,352.0,254.159,3
2025-10-09 18:20:00-04:00,254.15,254.15,254.15,254.15,0.0,254.15,0
2025-10-09 18:25:00-04:00,254.13,254.13,254.13,254.13,250.0,254.13,2
2025-10-09 18:30:00-04:00,254.05,254.15,254.05,254.15,4024.0,254.099,18
2025-10-09 18:35:00-04:00,254.15,254.22,254.15,254.19,2324.0,254.163,12
2025-10-09 18:40:00-04:00,254.07,254.2,254.06,254.19,1339.0,254.176,8
2025-10-09 18:45:00-04:00,254.19,254.19,254.14,254.15,586.0,254.176,4
2025-10-09 18:50:00-04:00,254.17,254.17,254.13,254.14,1253.0,254.146,10
2025-10-09 18:55:00-04:00,254.14,254.2,254.14,254.16,3553.0,254.156,4
2025-10-09 19:00:00-04:00,254.2,254.2,254.2,254.2,1179.0,254.2,5
2025-10-09 19:05:00-04:00,254.11,254.11,254.11,254.11,200.0,254.11,1
2025-10-09 19:10:00-04:00,254.1,254.15,254.1,254.15,653.0,254.134,4
2025-10-09 19:15:00-04:00,254.1,254.15,254.1,254.15,3800.0,254.141,4
2025-10-09 19:20:00-04:00,254.15,254.2,254.13,254.2,975.0,254.178,6
2025-10-09 19:25:00-04:00,254.2,254.2,254.14,254.14,1200.0,254.17,9
2025-10-09 19:30:00-04:00,254.13,254.2,254.13,254.2,1177.0,254.146,4
2025-10-09 19:35:00-04:00,254.2,254.2,254.12,254.13,606.0,254.153,2
2025-10-09 19:40:00-04:00,254.15,254.19,254.1,254.18,2208.0,254.137,9
2025-10-09 19:45:00-04:00,254.19,254.2,254.15,254.2,5029.0,254.186,16
2025-10-09 19:50:00-04:00,254.2,254.22,254.19,254.2,1613.0,254.202,10
2025-10-09 19:55:00-04:00,254.19,254.29,254.11,254.29,4975.0,254.203,19
2025-10-10 04:00:00-04:00,253.68,254.06,253.68,253.92,2120.0,253.943,15
2025-10-10 04:05:00-04:00,253.94,254.05,253.81,254.04,1464.0,253.962,11
2025-10-10 04:10:00-04:00,254.04,254.07,254.0,254.0,461.0,254.03,4
2025-10-10 04:15:00-04:00,253.96,253.96,253.85,253.86,616.0,253.898,5
2025-10-10 04:20:00-04:00,253.73,253.75,253.63,253.63,580.0,253.694,5
2025-10-10 04:25:00-04:00,253.65,253.7,253.61,253.7,950.0,253.674,4
2025-10-10 04:30:00-04:00,253.71,253.71,253.53,253.6,981.0,253.618,8
2025-10-10 04:35:00-04:00,253.69,253.77,253.69,253.77,358.0,253.712,2
2025-10-10 04:40:00-04:00,253.77,253.77,253.77,253.77,0.0,253.77,0
2025-10-10 04:45:00-04:00,253.88,253.9,253.88,253.9,200.0,253.89,2
2025-10-10 04:50:00-04:00,253.79,253.86,253.77,253.83,650.0,253.819,5
2025-10-10 04:55:00-04:00,253.86,253.86,253.83,253.83,294.0,253.84,2
2025-10-10 05:00:00-04:00,253.78,253.78,253.38,253.39,3369.0,253.559,25
2025-10-10 05:05:00-04:00,253.38,253.42,253.38,253.42,300.0,253.407,2
2025-10-10 05:10:00-04:00,253.4,253.4,253.25,253.25,372.0,253.317,3
2025-10-10 05:15:00-04:00,253.25,253.25,253.25,253.25,0.0,253.25,0
2025-10-10 05:20:00-04:00,253.26,253.34,253.26,253.33,1292.0,253.298,11
2025-10-10 05:25:00-04:00,253.33,253.35,253.33,253.34,450.0,253.343,3
2025-10-10 05:30:00-04:00,253.35,253.35,253.18,253.28,1061.0,253.29,6
2025-10-10 05:35:00-04:00,253.27,253.28,253.27,253.28,300.0,253.277,3
2025-10-10 05:40:00-04:00,253.18,253.19,253.18,253.19,733.0,253.189,2
2025-10-10 05:45:00-04:00,253.35,253.35,253.33,253.33,200.0,253.34,2
2025-10-10 05:50:00-04:00,253.31,253.31,253.24,253.24,391.0,253.263,3
2025-10-10 05:55:00-04:00,253.12,253.2,253.12,253.2,1985.0,253.17,9
2025-10-10 06:00:00-04:00,253.34,253.34,253.34,253.34,111.0,253.34,1
2025-10-10 06:05:00-04:00,253.34,253.34,253.34,253.34,0.0,253.34,0
2025-10-10 06:10:00-04:00,253.41,253.42,253.4,253.4,325.0,253.411,3
2025-10-10 06:15:00-04:00,253.67,253.76,253.67,253.76,550.0,253.716,3
2025-10-10 06:20:00-04:00,253.73,253.73,253.51,253.51,1161.0,253.683,8
2025-10-10 06:25:00-04:00,253.51,253.51,253.51,253.51,0.0,253.51,0
2025-10-10 06:30:00-04:00,253.37,253.37,253.37,253.37,100.0,253.37,1
2025-10-10 06:35:00-04:00,253.37,253.37,253.37,253.37,0.0,253.37,0
2025-10-10 06:40:00-04:00,253.5,253.5,253.5,253.5,125.0,253.5,1
2025-10-10 06:45:00-04:00,253.5,253.5,253.5,253.5,0.0,253.5,0
2025-10-10 06:50:00-04:00,253.51,253.51,253.51,253.51,100.0,253.51,1
2025-10-10 06:55:00-04:00,253.46,253.59,253.45,253.59,582.0,253.521,4
2025-10-10 07:00:00-04:00,253.68,253.8,253.68,253.75,1592.0,253.744,13
2025-10-10 07:05:00-04:00,253.62,253.83,253.62,253.83,599.0,253.749,4
2025-10-10 07:10:00-04:00,253.83,253.83,253.83,253.83,0.0,253.83,0
2025-10-10 07:15:00-04:00,253.65,253.65,253.57,253.57,2262.0,253.619,12
2025-10-10 07:20:00-04:00,253.58,253.65,253.58,253.65,700.0,253.629,5
2025-10-10 07:25:00-04:00,253.69,253.69,253.69,253.69,134.0,253.69,1
2025-10-10 07:30:00-04:00,253.75,253.75,253.75,253.75,200.0,253.75,2
2025-10-10 07:35:00-04:00,253.82,253.85,253.82,253.85,450.0,253.838,3
2025-10-10 07:40:00-04:00,253.78,253.78,253.78,253.78,500.0,253.78,2
2025-10-10 07:45:00-04:00,253.78,253.78,253.78,253.78,0.0,253.78,0
2025-10-10 07:50:00-04:00,253.9,254.04,253.9,253.9,2610.0,253.976,14
2025-10-10 07:55:00-04:00,254.0,254.13,254.0,254.1,512.0,254.069,4
2025-10-10 08:00:00-04:00,253.79,254.4,253.0,253.98,38638.0,253.743,146
2025-10-10 08:05:00-04:00,253.83,253.92,253.82,253.92,2025.0,253.848,13
2025-10-10 08:10:00-04:00,253.92,253.92,253.88,253.88,1809.0,253.909,6
2025-10-10 08:15:00-04:00,253.95,253.95,253.88,253.88,2759.0,253.918,9
2025-10-10 08:20:00-04:00,253.82,253.82,253.82,253.82,730.0,253.82,5
2025-10-10 08:25:00-04:00,253.69,253.81,253.69,253.81,1213.0,253.732,4
2025-10-10 08:30:00-04:00,253.75,253.75,253.66,253.66,4282.0,253.705,19
2025-10-10 08:35:00-04:00,253.66,253.7,253.64,253.69,9819.0,253.679,13
2025-10-10 08:40:00-04:00,253.7,253.7,253.55,253.58,3130.0,253.658,14
2025-10-10 08:45:00-04:00,253.67,253.7,253.57,253.69,1285.0,253.607,9
2025-10-10 08:50:00-04:00,253.6,253.6,253.45,253.49,6445.0,253.532,30
2025-10-10 08:55:00-04:00,253.45,253.45,253.34,253.35,5488.0,253.37,29
2025-10-10 09:00:00-04:00,253.38,253.6,253.38,253.59,6142.0,253.414,20
2025-10-10 09:05:00-04:00,253.51,253.7,253.51,253.6,4949.0,253.569,11
2025-10-10 09:10:00-04:00,253.58,253.67,253.58,253.67,4179.0,253.642,17
2025-10-10 09:15:00-04:00,253.67,253.76,253.65,253.75,6603.0,253.728,16
2025-10-10 09:20:00-04:00,253.77,253.77,253.53,253.64,13793.0,253.637,49
2025-10-10 09:25:00-04:00,253.57,255.3,253.37,254.94,64248.0,254.717,233
2025-10-10 09:30:00-04:00,254.94,255.59,254.43,255.33,1477628.0,255.061,5456
2025-10-10 09:35:00-04:00,255.32,256.13,254.93,256.07,605422.0,255.595,3132
2025-10-10 09:40:00-04:00,256.09,256.38,255.35,255.39,626508.0,255.96,3290
2025-10-10 09:45:00-04:00,255.39,255.86,255.26,255.45,440542.0,255.611,2561
2025-10-10 09:50:00-04:00,255.46,255.48,255.01,255.2,318803.0,255.238,1880
2025-10-10 09:55:00-04:00,255.18,255.6,254.92,255.46,312636.0,255.254,1761
2025-10-10 10:00:00-04:00,255.49,255.89,255.15,255.27,459966.0,255.624,2465
2025-10-10 10:05:00-04:00,255.28,255.59,254.74,255.54,349956.0,255.184,2151
2025-10-10 10:10:00-04:00,255.55,256.05,255.03,255.07,303816.0,255.662,1586
2025-10-10 10:15:00-04:00,255.07,255.24,254.82,255.12,208561.0,255.04,1043
2025-10-10 10:20:00-04:00,255.12,255.55,255.11,255.46,166120.0,255.326,971
2025-10-10 10:25:00-04:00,255.47,255.7,255.01,255.02,190328.0,255.435,1111
2025-10-10 10:30:00-04:00,255.04,255.27,255.02,255.09,206124.0,255.138,1161
2025-10-10 10:35:00-04:00,255.09,255.17,255.01,255.12,166306.0,255.085,1010
2025-10-10 10:40:00-04:00,255.12,255.3,255.05,255.09,182300.0,255.169,1063
2025-10-10 10:45:00-04:00,255.1,255.34,255.04,255.26,126511.0,255.179,813
2025-10-10 10:50:00-04:00,255.28,255.31,254.84,254.87,210443.0,255.012,1252
2025-10-10 10:55:00-04:00,254.88,254.89,252.52,253.17,658060.0,253.664,4147
2025-10-10 11:00:00-04:00,253.11,253.11,251.03,251.63,1192699.0,251.702,8122
2025-10-10 11:05:00-04:00,251.6,251.8,250.21,250.31,1185026.0,250.911,6672
2025-10-10 11:10:00-04:00,250.31,251.87,250.01,251.46,1001128.0,251.117,5862
2025-10-10 11:15:00-04:00,251.46,251.46,250.03,250.32,635152.0,250.716,4128
2025-10-10 11:20:00-04:00,250.33,250.34,248.95,249.06,1119827.0,249.462,7035
2025-10-10 11:25:00-04:00,249.05,250.19,248.92,249.12,795143.0,249.484,5081
2025-10-10 11:30:00-04:00,249.1,249.17,248.33,248.86,998801.0,248.692,6192
2025-10-10 11:35:00-04:00,248.79,249.42,248.63,248.74,671128.0,249.045,3953
2025-10-10 11:40:00-04:00,248.77,249.7,248.57,249.67,614940.0,249.11,3335
2025-10-10 11:45:00-04:00,249.68,250.04,249.2,249.44,546933.0,249.599,3159
2025-10-10 11:50:00-04:00,249.42,249.79,249.08,249.46,400830.0,249.346,2667
2025-10-10 11:55:00-04:00,249.44,249.47,248.51,248.79,396899.0,248.848,2225
2025-10-10 12:00:00-04:00,248.78,248.79,247.79,247.83,557676.0,248.17,3589
2025-10-10 12:05:00-04:00,247.81,248.71,247.76,248.53,312068.0,248.283,1737
2025-10-10 12:10:00-04:00,248.52,249.02,248.18,248.85,280591.0,248.694,1787
2025-10-10 12:15:00-04:00,248.85,248.96,248.32,248.52,224030.0,248.631,1506
2025-10-10 12:20:00-04:00,248.52,248.85,248.26,248.58,237329.0,248.567,1459
2025-10-10 12:25:00-04:00,248.56,248.82,248.41,248.61,186178.0,248.645,1134
2025-10-10 12:30:00-04:00,248.59,249.06,248.42,248.48,301785.0,248.802,1896
2025-10-10 12:35:00-04:00,248.48,248.76,248.26,248.5,137197.0,248.513,1001
2025-10-10 12:40:00-04:00,248.46,248.54,247.94,247.94,237831.0,248.195,1378
2025-10-10 12:45:00-04:00,247.94,248.44,247.81,247.82,260432.0,248.047,1529
2025-10-10 12:50:00-04:00,247.83,247.87,247.32,247.54,381309.0,247.579,2109
2025-10-10 12:55:00-04:00,247.55,247.9,247.41,247.49,301081.0,247.604,1951
2025-10-10 13:00:00-04:00,247.5,247.66,247.06,247.26,356454.0,247.312,2079
2025-10-10 13:05:00-04:00,247.27,247.45,247.13,247.33,215894.0,247.3,1506
2025-10-10 13:10:00-04:00,247.31,247.71,247.07,247.14,321360.0,247.399,1901
2025-10-10 13:15:00-04:00,247.16,247.62,247.11,247.34,217700.0,247.396,1440
2025-10-10 13:20:00-04:00,247.33,247.77,247.18,247.6,207957.0,247.491,1376
2025-10-10 13:25:00-04:00,247.63,247.88,247.56,247.81,181213.0,247.742,1231
2025-10-10 13:30:00-04:00,247.77,248.09,247.68,248.05,236065.0,247.884,1422
2025-10-10 13:35:00-04:00,248.05,248.31,247.91,247.99,231067.0,248.11,1454
2025-10-10 13:40:00-04:00,247.99,248.42,247.98,248.22,335995.0,248.236,1805
2025-10-10 13:45:00-04:00,248.21,248.58,248.02,248.24,286463.0,248.342,1728
2025-10-10 13:50:00-04:00,248.25,248.3,248.05,248.16,192017.0,248.152,1223
2025-10-10 13:55:00-04:00,248.15,248.38,247.73,248.01,263137.0,247.981,1607
2025-10-10 14:00:00-04:00,248.03,248.05,247.45,247.59,304104.0,247.657,1739
2025-10-10 14:05:00-04:00,247.61,247.71,247.42,247.46,217871.0,247.551,1364
2025-10-10 14:10:00-04:00,247.47,247.72,247.3,247.65,259338.0,247.521,1456
2025-10-10 14:15:00-04:00,247.64,247.8,247.11,247.29,226501.0,247.472,1466
2025-10-10 14:20:00-04:00,247.28,247.61,247.27,247.52,225190.0,247.441,1211
2025-10-10 14:25:00-04:00,247.52,247.57,247.08,247.16,237176.0,247.268,1386
2025-10-10 14:30:00-04:00,247.14,247.31,246.55,246.56,432313.0,246.929,2389
2025-10-10 14:35:00-04:00,246.56,246.72,246.46,246.59,352255.0,246.573,2041
2025-10-10 14:40:00-04:00,246.57,246.59,246.11,246.14,316606.0,246.332,1876
2025-10-10 14:45:00-04:00,246.17,246.55,246.04,246.23,312785.0,246.274,1797
2025-10-10 14:50:00-04:00,246.24,246.28,245.83,245.9,363813.0,245.999,1901
2025-10-10 14:55:00-04:00,245.91,246.25,245.81,246.0,336609.0,246.025,1815
2025-10-10 15:00:00-04:00,246.0,246.41,245.98,246.26,274181.0,246.221,1849
2025-10-10 15:05:00-04:00,246.27,246.3,246.09,246.16,219696.0,246.201,1278
2025-10-10 15:10:00-04:00,246.17,246.26,245.88,246.12,339153.0,246.076,2055
2025-10-10 15:15:00-04:00,246.11,246.35,246.0,246.16,304076.0,246.205,1851
2025-10-10 15:20:00-04:00,246.15,246.23,246.01,246.05,293035.0,246.14,1695
2025-10-10 15:25:00-04:00,246.05,246.23,245.93,246.17,391519.0,246.061,2266
2025-10-10 15:30:00-04:00,246.17,246.49,246.04,246.09,400170.0,246.257,2251
2025-10-10 15:35:00-04:00,246.1,246.11,245.88,245.96,513563.0,245.992,2793
2025-10-10 15:40:00-04:00,245.94,246.99,245.92,246.91,656564.0,246.5,3325
2025-10-10 15:45:00-04:00,246.9,246.98,246.21,246.23,468392.0,246.576,2811
2025-10-10 15:50:00-04:00,246.25,246.27,245.11,245.23,922421.0,245.639,5291
2025-10-10 15:55:00-04:00,245.22,245.57,244.65,245.28,2967143.0,245.147,17094
2025-10-10 16:00:00-04:00,245.33,245.35,244.85,245.28,9425035.0,245.27,184
2025-10-10 16:05:00-04:00,245.3,245.94,245.27,245.65,54597.0,245.393,105
2025-10-10 16:10:00-04:00,245.62,245.8,245.58,245.62,4219.0,245.707,28
2025-10-10 16:15:00-04:00,245.58,245.7,245.58,245.61,5168.0,245.622,32
2025-10-10 16:20:00-04:00,245.66,245.68,245.3,245.33,8535.0,245.463,45
2025-10-10 16:25:00-04:00,245.3,245.4,245.29,245.29,23907.0,245.348,41
2025-10-10 16:30:00-04:00,245.27,245.4,245.2,245.26,9627.0,245.343,30
2025-10-10 16:35:00-04:00,245.36,245.41,245.27,245.41,99167.0,245.273,15
2025-10-10 16:40:00-04:00,245.39,245.44,245.32,245.39,7427.0,245.398,38
2025-10-10 16:45:00-04:00,245.3,245.39,245.22,245.23,7762.0,245.266,16
2025-10-10 16:50:00-04:00,245.23,245.23,239.49,243.51,185425.0,242.765,525
2025-10-10 16:55:00-04:00,243.5,245.79,241.0,243.36,347892.0,243.778,645
2025-10-10 17:00:00-04:00,243.36,243.5,242.6,242.93,185317.0,243.16,279
2025-10-10 17:05:00-04:00,242.75,243.0,242.1,242.91,42271.0,242.444,186
2025-10-10 17:10:00-04:00,242.88,243.49,242.61,242.99,42863.0,242.969,170
2025-10-10 17:15:00-04:00,242.65,243.64,242.0,242.0,42066.0,242.966,135
2025-10-10 17:20:00-04:00,242.29,243.5,242.0,243.12,21996.0,242.576,102
2025-10-10 17:25:00-04:00,243.12,243.32,242.28,242.8,16600.0,242.797,70
2025-10-10 17:30:00-04:00,242.72,242.95,242.28,242.28,20345.0,242.72,64
2025-10-10 17:35:00-04:00,242.39,242.5,241.98,242.16,24238.0,242.231,66
2025-10-10 17:40:00-04:00,242.39,243.88,241.93,241.98,10490.0,242.335,58
2025-10-10 17:45:00-04:00,241.96,241.96,241.5,241.77,19981.0,241.714,94
2025-10-10 17:50:00-04:00,241.87,242.05,241.74,241.9,13324.0,241.92,49
2025-10-10 17:55:00-04:00,242.04,242.05,241.87,242.05,6262.0,242.013,27
2025-10-10 18:00:00-04:00,242.05,242.25,242.01,242.15,8109.0,242.101,38
2025-10-10 18:05:00-04:00,242.15,244.47,242.03,243.85,19881.0,242.989,72
2025-10-10 18:10:00-04:00,244.06,244.98,244.0,244.61,12756.0,244.44,52
2025-10-10 18:15:00-04:00,244.6,244.8,244.15,244.47,15821.0,244.53,108
2025-10-10 18:20:00-04:00,244.76,245.7,244.53,245.65,17151.0,245.146,80
2025-10-10 18:25:00-04:00,245.64,245.7,244.81,244.85,26875.0,245.236,82
2025-10-10 18:30:00-04:00,244.9,244.98,244.57,244.72,4114.0,244.758,26
2025-10-10 18:35:00-04:00,244.61,244.61,244.45,244.45,5942.0,244.485,35
2025-10-10 18:40:00-04:00,244.47,244.47,243.45,243.45,6935.0,243.908,48
2025-10-10 18:45:00-04:00,243.49,243.89,243.31,243.89,7014.0,243.485,40
2025-10-10 18:50:00-04:00,243.7,243.85,243.6,243.6,1569.0,243.734,11
2025-10-10 18:55:00-04:00,243.62,243.98,243.6,243.8,4484.0,243.758,25
2025-10-10 19:00:00-04:00,243.8,244.0,243.72,243.95,1726.0,243.917,13
2025-10-10 19:05:00-04:00,243.81,244.25,243.81,244.25,2296.0,244.074,11
2025-10-10 19:10:00-04:00,244.2,244.2,243.8,243.8,500.0,244.049,3
2025-10-10 19:15:00-04:00,244.18,244.25,243.9,244.16,3202.0,244.056,19
2025-10-10 19:20:00-04:00,243.91,244.2,243.9,244.13,3039.0,244.088,12
2025-10-10 19:25:00-04:00,244.1,244.18,244.02,244.04,2977.0,244.12,13
2025-10-10 19:30:00-04:00,244.49,244.5,244.02,244.21,3447.0,244.389,19
2025-10-10 19:35:00-04:00,244.82,244.86,244.34,244.83,3091.0,244.709,16
2025-10-10 19:40:00-04:00,244.98,245.37,244.35,245.29,6674.0,245.193,29
2025-10-10 19:45:00-04:00,245.02,245.88,245.02,245.36,9112.0,245.449,35
2025-10-10 19:50:00-04:00,245.3,246.0,245.01,246.0,11234.0,245.701,47
2025-10-10 19:55:00-04:00,245.58,245.59,245.0,245.4,3970.0,245.3,21
2025-10-13 04:00:00-04:00,248.66,250.32,247.97,249.65,15537.0,249.856,90
2025-10-13 04:05:00-04:00,249.76,249.9,249.4,249.4,7398.0,249.634,36
2025-10-13 04:10:00-04:00,249.41,249.57,249.36,249.57,761.0,249.456,6
2025-10-13 04:15:00-04:00,249.49,249.67,249.02,249.21,4710.0,249.338,29
2025-10-13 04:20:00-04:00,249.4,249.82,249.35,249.35,3735.0,249.539,27
2025-10-13 04:25:00-04:00,249.4,249.45,249.09,249.14,1877.0,249.256,14
2025-10-13 04:30:00-04:00,249.24,249.4,249.16,249.4,2994.0,249.28,16
2025-10-13 04:35:00-04:00,249.39,249.45,249.09,249.27,2443.0,249.323,18
2025-10-13 04:40:00-04:00,249.16,249.29,249.01,249.07,2813.0,249.156,17
2025-10-13 04:45:00-04:00,249.12,249.3,249.09,249.28,962.0,249.209,7
2025-10-13 04:50:00-04:00,249.4,249.64,249.39,249.64,4661.0,249.462,25
2025-10-13 04:55:00-04:00,249.66,249.7,249.61,249.62,1875.0,249.682,16
2025-10-13 05:00:00-04:00,249.68,249.7,249.56,249.56,10426.0,249.643,44
2025-10-13 05:05:00-04:00,249.68,249.7,249.62,249.62,7733.0,249.637,36
2025-10-13 05:10:00-04:00,249.62,249.7,249.52,249.69,10068.0,249.6,50
2025-10-13 05:15:00-04:00,249.68,249.7,249.49,249.49,3585.0,249.667,21
2025-10-13 05:20:00-04:00,249.49,249.65,249.49,249.51,633.0,249.538,6
2025-10-13 05:25:00-04:00,249.51,249.58,249.51,249.58,350.0,249.551,3
2025-10-13 05:30:00-04:00,249.6,249.68,249.6,249.68,844.0,249.665,7
2025-10-13 05:35:00-04:00,249.51,249.51,249.28,249.28,1704.0,249.434,14
2025-10-13 05:40:00-04:00,249.33,249.33,249.15,249.15,524.0,249.267,4
2025-10-13 05:45:00-04:00,249.2,249.2,249.1,249.1,1084.0,249.15,8
2025-10-13 05:50:00-04:00,249.1,249.1,249.03,249.03,200.0,249.065,2
2025-10-13 05:55:00-04:00,249.2,249.47,249.2,249.24,1368.0,249.361,6
2025-10-13 06:00:00-04:00,249.17,249.6,249.17,249.51,8985.0,249.489,40
2025-10-13 06:05:00-04:00,249.51,249.51,249.42,249.42,2326.0,249.498,19
2025-10-13 06:10:00-04:00,249.52,249.56,249.52,249.56,250.0,249.536,2
2025-10-13 06:15:00-04:00,249.28,249.5,249.11,249.5,6988.0,249.434,21
2025-10-13 06:20:00-04:00,249.56,249.69,249.39,249.39,1112.0,249.514,8
2025-10-13 06:25:00-04:00,249.48,249.49,249.48,249.49,367.0,249.484,2
2025-10-13 06:30:00-04:00,249.43,249.49,249.43,249.46,1154.0,249.478,7
2025-10-13 06:35:00-04:00,249.49,249.49,249.44,249.44,550.0,249.468,4
2025-10-13 06:40:00-04:00,249.33,249.35,249.0,249.1,1099.0,249.17,9
2025-10-13 06:45:00-04:00,249.03,249.19,249.0,249.0,968.0,249.042,7
2025-10-13 06:50:00-04:00,248.75,249.2,248.67,249.2,2719.0,248.793,18
2025-10-13 06:55:00-04:00,249.35,249.35,249.3,249.3,1190.0,249.329,8
2025-10-13 07:00:00-04:00,249.15,249.76,248.6,249.04,29885.0,249.259,135
2025-10-13 07:05:00-04:00,249.06,249.07,248.55,248.84,11712.0,248.937,30
2025-10-13 07:10:00-04:00,248.75,248.75,248.11,248.58,13705.0,248.37,63
2025-10-13 07:15:00-04:00,248.67,249.0,248.55,248.89,8060.0,248.914,39
2025-10-13 07:20:00-04:00,248.87,248.96,248.5,248.72,3580.0,248.619,23
2025-10-13 07:25:00-04:00,248.79,248.79,248.65,248.7,1174.0,248.72,7
2025-10-13 07:30:00-04:00,248.7,249.2,248.5,249.2,9801.0,248.776,60
2025-10-13 07:35:00-04:00,249.06,249.09,248.8,248.8,2378.0,248.996,17
2025-10-13 07:40:00-04:00,248.68,249.08,248.68,249.0,1489.0,248.934,11
2025-10-13 07:45:00-04:00,248.94,249.1,248.93,249.1,3639.0,249.036,22
2025-10-13 07:50:00-04:00,249.0,249.21,248.94,249.21,2633.0,249.032,20
2025-10-13 07:55:00-04:00,249.18,249.18,249.16,249.16,1104.0,249.173,4
2025-10-13 08:00:00-04:00,249.0,250.65,248.05,249.06,106916.0,249.203,339
2025-10-13 08:05:00-04:00,249.0,249.09,248.73,248.73,3748.0,248.86,23
2025-10-13 08:10:00-04:00,248.83,249.03,248.8,248.83,4241.0,248.959,27
2025-10-13 08:15:00-04:00,248.82,249.39,248.81,249.23,8773.0,249.133,46
2025-10-13 08:20:00-04:00,249.11,249.11,248.72,249.0,7002.0,248.886,35
2025-10-13 08:25:00-04:00,249.1,249.11,249.0,249.07,3870.0,249.051,17
2025-10-13 08:30:00-04:00,249.14,249.28,249.07,249.13,6554.0,249.186,35
2025-10-13 08:35:00-04:00,249.13,249.2,249.08,249.19,1894.0,249.149,15
2025-10-13 08:40:00-04:00,249.2,249.25,248.99,249.25,6350.0,249.097,42
2025-10-13 08:45:00-04:00,249.24,249.68,249.07,249.57,21606.0,249.369,95
2025-10-13 08:50:00-04:00,249.66,249.67,249.2,249.22,26760.0,249.433,38
2025-10-13 08:55:00-04:00,249.37,249.45,248.87,248.95,10496.0,249.148,47
2025-10-13 09:00:00-04:00,248.9,249.0,248.39,248.64,17802.0,248.745,121
2025-10-13 09:05:00-04:00,248.79,248.79,248.61,248.71,5385.0,248.708,36
2025-10-13 09:10:00-04:00,248.73,248.9,248.5,248.5,14231.0,248.618,86
2025-10-13 09:15:00-04:00,248.63,249.04,248.6,249.04,9072.0,248.835,53
2025-10-13 09:20:00-04:00,249.0,249.06,248.79,248.85,10136.0,248.896,72
2025-10-13 09:25:00-04:00,248.75,249.5,248.39,249.47,40333.0,248.916,200
2025-10-13 09:30:00-04:00,249.31,249.49,246.63,246.78,1804607.0,248.336,7621
2025-10-13 09:35:00-04:00,246.78,247.23,245.56,247.13,773445.0,246.48,4360
2025-10-13 09:40:00-04:00,247.15,247.34,246.67,246.8,625216.0,246.993,2768
2025-10-13 09:45:00-04:00,246.8,247.07,246.1,246.93,489274.0,246.541,3047
2025-10-13 09:50:00-04:00,246.94,247.59,246.51,246.59,381181.0,246.988,2170
2025-10-13 09:55:00-04:00,246.62,247.1,246.56,246.62,337003.0,246.875,1852
2025-10-13 10:00:00-04:00,246.64,247.29,246.52,247.21,567429.0,246.793,3111
2025-10-13 10:05:00-04:00,247.25,247.63,247.11,247.55,366918.0,247.364,2049
2025-10-13 10:10:00-04:00,247.55,247.6,247.08,247.36,322203.0,247.379,1869
2025-10-13 10:15:00-04:00,247.37,247.52,246.65,246.7,278934.0,247.109,1641
2025-10-13 10:20:00-04:00,246.69,246.83,246.1,246.74,292022.0,246.517,1740
2025-10-13 10:25:00-04:00,246.72,246.76,246.26,246.38,218654.0,246.468,1399
2025-10-13 10:30:00-04:00,246.37,246.72,246.23,246.68,271516.0,246.489,1642
2025-10-13 10:35:00-04:00,246.67,247.42,246.66,247.35,229813.0,247.146,1361
2025-10-13 10:40:00-04:00,247.35,247.45,246.98,246.99,216658.0,247.195,1211
2025-10-13 10:45:00-04:00,246.99,247.59,246.98,247.29,236812.0,247.279,1298
2025-10-13 10:50:00-04:00,247.32,247.51,247.05,247.29,193532.0,247.309,1105
2025-10-13 10:55:00-04:00,247.29,247.3,246.75,246.94,190864.0,246.98,948
2025-10-13 11:00:00-04:00,246.94,247.25,246.66,247.06,227203.0,246.935,1454
2025-10-13 11:05:00-04:00,247.05,247.51,246.96,247.43,254542.0,247.211,1285
2025-10-13 11:10:00-04:00,247.43,247.85,247.36,247.53,298830.0,247.683,1538
2025-10-13 11:15:00-04:00,247.53,247.7,247.21,247.69,216380.0,247.499,1240
2025-10-13 11:20:00-04:00,247.69,247.97,247.69,247.85,214047.0,247.86,1285
2025-10-13 11:25:00-04:00,247.86,248.66,247.82,248.59,329123.0,248.274,1835
2025-10-13 11:30:00-04:00,248.62,248.7,248.36,248.6,242849.0,248.537,1641
2025-10-13 11:35:00-04:00,248.62,248.92,248.59,248.74,240149.0,248.791,1353
2025-10-13 11:40:00-04:00,248.71,248.99,248.47,248.56,216439.0,248.774,1324
2025-10-13 11:45:00-04:00,248.54,248.88,248.52,248.85,154218.0,248.701,955
2025-10-13 11:50:00-04:00,248.85,248.95,248.66,248.77,129578.0,248.812,701
2025-10-13 11:55:00-04:00,248.79,248.87,248.67,248.78,135399.0,248.775,691
2025-10-13 12:00:00-04:00,248.79,249.2,248.74,249.09,248223.0,248.973,1145
2025-10-13 12:05:00-04:00,249.13,249.2,248.76,248.91,138716.0,248.986,842
2025-10-13 12:10:00-04:00,248.91,249.15,248.83,249.12,117737.0,248.971,643
2025-10-13 12:15:00-04:00,249.14,249.37,249.04,249.29,173873.0,249.166,1015
2025-10-13 12:20:00-04:00,249.3,249.63,248.98,249.28,240644.0,249.272,1296
2025-10-13 12:25:00-04:00,249.29,249.31,249.05,249.18,145755.0,249.184,677
2025-10-13 12:30:00-04:00,249.17,249.22,249.01,249.09,183217.0,249.095,874
2025-10-13 12:35:00-04:00,249.11,249.19,248.85,248.9,131537.0,249.033,699
2025-10-13 12:40:00-04:00,248.9,248.91,248.62,248.67,165141.0,248.778,862
2025-10-13 12:45:00-04:00,248.69,249.0,248.55,248.95,220559.0,248.733,1507
2025-10-13 12:50:00-04:00,248.95,249.28,248.84,249.25,135060.0,249.075,879
2025-10-13 12:55:00-04:00,249.25,249.6,249.18,249.55,140923.0,249.428,801
2025-10-13 13:00:00-04:00,249.56,249.69,249.47,249.52,111624.0,249.57,607
2025-10-13 13:05:00-04:00,249.52,249.65,249.47,249.52,87978.0,249.573,565
2025-10-13 13:10:00-04:00,249.52,249.56,248.98,249.05,140234.0,249.241,830
2025-10-13 13:15:00-04:00,249.05,249.09,248.89,249.02,86426.0,248.986,579
2025-10-13 13:20:00-04:00,249.0,249.3,248.97,249.16,105793.0,249.155,495
2025-10-13 13:25:00-04:00,249.14,249.15,248.96,249.1,71620.0,249.043,488
2025-10-13 13:30:00-04:00,249.09,249.16,249.02,249.14,74482.0,249.102,505
2025-10-13 13:35:00-04:00,249.14,249.18,248.96,249.05,94001.0,249.08,589
2025-10-13 13:40:00-04:00,249.05,249.12,248.89,248.91,158463.0,248.99,997
2025-10-13 13:45:00-04:00,248.89,249.07,248.84,248.99,89410.0,248.97,646
2025-10-13 13:50:00-04:00,248.98,248.99,248.78,248.93,98374.0,248.865,563
2025-10-13 13:55:00-04:00,248.91,249.06,248.68,249.05,85697.0,248.881,548
2025-10-13 14:00:00-04:00,249.04,249.13,248.84,248.91,111597.0,249.016,614
2025-10-13 14:05:00-04:00,248.91,249.03,248.89,248.97,107144.0,248.958,732
2025-10-13 14:10:00-04:00,248.96,249.02,248.81,248.82,88864.0,248.927,601
2025-10-13 14:15:00-04:00,248.83,248.98,248.83,248.88,110167.0,248.904,744
2025-10-13 14:20:00-04:00,248.88,249.3,248.87,249.27,184207.0,249.047,874
2025-10-13 14:25:00-04:00,249.26,249.32,249.11,249.15,185580.0,249.218,1082
2025-10-13 14:30:00-04:00,249.14,249.25,248.92,249.05,123268.0,249.104,776
2025-10-13 14:35:00-04:00,249.04,249.16,248.7,248.72,147850.0,249.001,934
2025-10-13 14:40:00-04:00,248.72,248.9,248.46,248.63,170798.0,248.666,1016
2025-10-13 14:45:00-04:00,248.65,248.69,248.47,248.58,103402.0,248.578,703
2025-10-13 14:50:00-04:00,248.58,248.71,248.45,248.48,95755.0,248.564,621
2025-10-13 14:55:00-04:00,248.49,248.59,248.32,248.46,104486.0,248.453,666
2025-10-13 15:00:00-04:00,248.46,248.53,248.16,248.18,122389.0,248.304,716
2025-10-13 15:05:00-04:00,248.18,248.55,248.13,248.53,158165.0,248.363,972
2025-10-13 15:10:00-04:00,248.52,248.65,248.34,248.41,124627.0,248.455,776
2025-10-13 15:15:00-04:00,248.43,248.65,248.34,248.53,141184.0,248.495,760
2025-10-13 15:20:00-04:00,248.53,248.72,248.47,248.55,151201.0,248.572,831
2025-10-13 15:25:00-04:00,248.55,248.56,248.25,248.32,138909.0,248.362,941
2025-10-13 15:30:00-04:00,248.32,248.38,248.14,248.35,173840.0,248.251,948
2025-10-13 15:35:00-04:00,248.36,248.39,248.2,248.37,154287.0,248.285,856
2025-10-13 15:40:00-04:00,248.38,248.59,248.37,248.52,187338.0,248.51,1040
2025-10-13 15:45:00-04:00,248.53,248.54,248.05,248.19,225841.0,248.286,1463
2025-10-13 15:50:00-04:00,248.19,248.41,248.01,248.02,401910.0,248.266,2803
2025-10-13 15:55:00-04:00,248.01,248.06,247.33,247.59,1533409.0,247.592,9153
2025-10-13 16:00:00-04:00,247.58,247.71,247.21,247.31,5937841.0,247.66,95
2025-10-13 16:05:00-04:00,247.45,247.45,247.3,247.45,2028.0,247.365,9
2025-10-13 16:10:00-04:00,247.47,247.48,247.4,247.45,650.0,247.43,4
2025-10-13 16:15:00-04:00,247.33,247.5,247.33,247.41,1752.0,247.447,10
2025-10-13 16:20:00-04:00,247.5,247.5,247.44,247.44,1161.0,247.479,7
2025-10-13 16:25:00-04:00,247.46,247.5,247.44,247.5,2637.0,247.493,7
2025-10-13 16:30:00-04:00,247.46,247.53,247.41,247.41,504.0,247.467,4
2025-10-13 16:35:00-04:00,247.66,247.66,247.42,247.43,1825.0,247.609,3
2025-10-13 16:40:00-04:00,247.45,247.45,247.42,247.42,423.0,247.427,3
2025-10-13 16:45:00-04:00,247.66,247.66,247.41,247.41,20379.0,247.654,3
2025-10-13 16:50:00-04:00,247.42,247.45,247.42,247.45,5042.0,247.449,3
2025-10-13 16:55:00-04:00,247.45,247.66,247.26,247.26,16931.0,247.43,22
2025-10-13 17:00:00-04:00,247.25,247.26,247.25,247.25,1610.0,247.251,2
2025-10-13 17:05:00-04:00,247.27,247.29,247.27,247.28,943.0,247.285,5
2025-10-13 17:10:00-04:00,247.3,247.3,247.3,247.3,100.0,247.3,1
2025-10-13 17:15:00-04:00,247.27,247.27,247.26,247.26,691.0,247.264,3
2025-10-13 17:20:00-04:00,247.66,247.66,247.37,247.37,3840.0,247.63,3
2025-10-13 17:25:00-04:00,247.37,247.37,247.26,247.37,650.0,247.353,3
2025-10-13 17:30:00-04:00,247.34,247.36,247.25,247.35,2980.0,247.275,5
2025-10-13 17:35:00-04:00,247.35,247.35,247.35,247.35,0.0,247.35,0
2025-10-13 17:40:00-04:00,247.37,247.37,247.32,247.32,2730.0,247.35,7
2025-10-13 17:45:00-04:00,247.27,247.37,247.27,247.37,1625.0,247.328,6
2025-10-13 17:50:00-04:00,247.4,247.4,247.27,247.39,1400.0,247.391,5
2025-10-13 17:55:00-04:00,247.4,247.4,247.4,247.4,571.0,247.4,2
2025-10-13 18:00:00-04:00,247.5,247.5,247.44,247.48,500.0,247.484,3
2025-10-13 18:05:00-04:00,247.4,247.48,247.4,247.48,393.0,247.46,2
2025-10-13 18:10:00-04:00,247.48,247.48,247.48,247.48,0.0,247.48,0
2025-10-13 18:15:00-04:00,247.49,247.49,247.29,247.3,6402.0,247.481,3
2025-10-13 18:20:00-04:00,247.39,247.39,247.29,247.29,2430.0,247.303,9
2025-10-13 18:25:00-04:00,247.3,247.3,247.27,247.27,507.0,247.288,3
2025-10-13 18:30:00-04:00,247.27,247.27,247.27,247.27,0.0,247.27,0
2025-10-13 18:35:00-04:00,247.33,247.4,247.3,247.35,2495.0,247.376,7
2025-10-13 18:40:00-04:00,247.35,247.35,247.35,247.35,0.0,247.35,0
2025-10-13 18:45:00-04:00,247.35,247.4,247.34,247.4,1273.0,247.38,6
2025-10-13 18:50:00-04:00,247.3,247.4,247.3,247.4,596.0,247.369,2
2025-10-13 18:55:00-04:00,247.35,247.35,247.35,247.35,386.0,247.35,3
2025-10-13 19:00:00-04:00,247.32,247.35,247.31,247.35,1451.0,247.329,7
2025-10-13 19:05:00-04:00,247.39,247.39,247.34,247.36,431.0,247.368,3
2025-10-13 19:10:00-04:00,247.29,247.33,247.22,247.33,1128.0,247.281,4
2025-10-13 19:15:00-04:00,247.3,247.3,247.28,247.28,557.0,247.284,2
2025-10-13 19:20:00-04:00,247.3,247.3,247.21,247.3,1101.0,247.273,5
2025-10-13 19:25:00-04:00,247.3,247.3,247.25,247.3,793.0,247.294,4
2025-10-13 19:30:00-04:00,247.3,247.38,247.3,247.37,295.0,247.347,2
2025-10-13 19:35:00-04:00,247.37,247.37,247.37,247.37,0.0,247.37,0
2025-10-13 19:40:00-04:00,247.29,247.35,247.21,247.3,1450.0,247.281,7
2025-10-13 19:45:00-04:00,247.25,247.3,247.2,247.23,1181.0,247.238,7
2025-10-13 19:50:00-04:00,247.3,247.35,247.23,247.35,790.0,247.306,7
2025-10-13 19:55:00-04:00,247.33,247.33,247.26,247.26,1643.0,247.277,6
2025-10-14 04:00:00-04:00,246.28,246.97,245.01,245.01,5072.0,245.637,35
2025-10-14 04:05:00-04:00,245.14,245.25,245.02,245.02,3004.0,245.128,18
2025-10-14 04:10:00-04:00,245.03,245.2,245.02,245.02,4198.0,245.176,32
2025-10-14 04:15:00-04:00,245.0,245.1,245.0,245.1,1054.0,245.053,7
2025-10-14 04:20:00-04:00,245.15,245.2,244.86,245.2,5319.0,245.081,28
2025-10-14 04:25:00-04:00,245.06,245.1,245.06,245.1,233.0,245.077,2
2025-10-14 04:30:00-04:00,245.15,245.2,245.12,245.2,5129.0,245.193,13
2025-10-14 04:35:00-04:00,245.16,245.2,245.16,245.2,472.0,245.175,4
2025-10-14 04:40:00-04:00,245.13,245.16,245.11,245.12,953.0,245.131,8
2025-10-14 04:45:00-04:00,245.12,245.12,245.1,245.1,2130.0,245.115,18
2025-10-14 04:50:00-04:00,245.36,245.4,245.36,245.4,895.0,245.376,5
2025-10-14 04:55:00-04:00,245.4,245.4,245.4,245.4,0.0,245.4,0
2025-10-14 05:00:00-04:00,245.4,245.4,245.4,245.4,0.0,245.4,0
2025-10-14 05:05:00-04:00,245.85,245.85,245.85,245.85,475.0,245.85,4
2025-10-14 05:10:00-04:00,245.55,245.55,245.49,245.49,300.0,245.51,3
2025-10-14 05:15:00-04:00,245.5,245.5,245.5,245.5,649.0,245.5,3
2025-10-14 05:20:00-04:00,245.5,245.5,245.5,245.5,115.0,245.5,1
2025-10-14 05:25:00-04:00,245.41,245.46,245.41,245.46,237.0,245.431,2
2025-10-14 05:30:00-04:00,245.55,245.55,245.55,245.55,100.0,245.55,1
2025-10-14 05:35:00-04:00,245.55,245.55,245.55,245.55,0.0,245.55,0
2025-10-14 05:40:00-04:00,245.6,245.6,245.6,245.6,125.0,245.6,1
2025-10-14 05:45:00-04:00,245.46,245.51,245.46,245.51,313.0,245.49,3
2025-10-14 05:50:00-04:00,245.4,245.4,245.29,245.32,2079.0,245.371,5
2025-10-14 05:55:00-04:00,245.32,245.32,245.32,245.32,0.0,245.32,0
2025-10-14 06:00:00-04:00,245.34,245.5,245.34,245.5,325.0,245.451,2
2025-10-14 06:05:00-04:00,245.55,245.55,245.49,245.49,441.0,245.522,3
2025-10-14 06:10:00-04:00,245.4,245.4,245.21,245.23,1125.0,245.282,6
2025-10-14 06:15:00-04:00,245.21,245.21,245.21,245.21,133.0,245.21,1
2025-10-14 06:20:00-04:00,245.2,245.22,245.2,245.22,904.0,245.209,7
2025-10-14 06:25:00-04:00,245.33,245.37,245.2,245.2,1310.0,245.298,8
2025-10-14 06:30:00-04:00,245.2,246.0,245.19,245.42,26545.0,245.77,122
2025-10-14 06:35:00-04:00,245.63,246.54,245.63,246.1,13940.0,245.891,71
2025-10-14 06:40:00-04:00,245.86,245.86,245.59,245.69,641.0,245.661,6
2025-10-14 06:45:00-04:00,245.8,245.8,245.55,245.55,2073.0,245.741,7
2025-10-14 06:50:00-04:00,245.55,245.55,245.23,245.23,869.0,245.376,7
2025-10-14 06:55:00-04:00,245.29,245.48,245.29,245.46,7641.0,245.381,22
2025-10-14 07:00:00-04:00,245.69,245.86,245.45,245.73,3029.0,245.614,17
2025-10-14 07:05:00-04:00,245.75,246.0,245.75,245.85,1721.0,245.892,9
2025-10-14 07:10:00-04:00,245.85,245.85,245.85,245.85,0.0,245.85,0
2025-10-14 07:15:00-04:00,245.87,245.89,245.86,245.87,526.0,245.872,4
2025-10-14 07:20:00-04:00,245.95,245.96,245.87,245.87,2398.0,245.898,15
2025-10-14 07:25:00-04:00,245.87,245.87,245.7,245.7,1182.0,245.787,8
2025-10-14 07:30:00-04:00,245.69,246.35,245.69,246.35,14615.0,246.047,34
2025-10-14 07:35:00-04:00,246.5,246.72,246.48,246.51,1366.0,246.579,8
2025-10-14 07:40:00-04:00,246.52,246.52,246.5,246.5,350.0,246.514,2
2025-10-14 07:45:00-04:00,246.51,246.65,246.5,246.65,1336.0,246.598,7
2025-10-14 07:50:00-04:00,246.7,246.7,246.6,246.6,215.0,246.649,2
2025-10-14 07:55:00-04:00,246.5,246.5,246.36,246.36,1051.0,246.427,8
2025-10-14 08:00:00-04:00,245.21,247.35,244.85,246.26,57470.0,245.807,249
2025-10-14 08:05:00-04:00,246.24,246.48,246.08,246.26,3070.0,246.265,11
2025-10-14 08:10:00-04:00,246.4,246.49,246.33,246.33,916.0,246.442,7
2025-10-14 08:15:00-04:00,246.3,246.3,246.01,246.13,2322.0,246.186,15
2025-10-14 08:20:00-04:00,247.66,247.66,246.05,246.21,181440.0,247.645,15
2025-10-14 08:25:00-04:00,246.11,246.17,246.07,246.13,1121.0,246.138,7
2025-10-14 08:30:00-04:00,246.16,246.24,245.8,245.9,14431.0,246.075,36
2025-10-14 08:35:00-04:00,245.9,245.9,245.5,245.5,2207.0,245.702,15
2025-10-14 08:40:00-04:00,245.55,245.56,245.21,245.33,7808.0,245.47,37
2025-10-14 08:45:00-04:00,245.39,245.59,245.29,245.55,3827.0,245.455,23
2025-10-14 08:50:00-04:00,245.46,245.87,245.33,245.87,3985.0,245.684,15
2025-10-14 08:55:00-04:00,245.62,245.7,245.5,245.5,1282.0,245.605,6
2025-10-14 09:00:00-04:00,245.75,246.19,245.71,246.19,2891.0,245.925,15
2025-10-14 09:05:00-04:00,246.0,246.05,245.82,245.9,4138.0,245.946,19
2025-10-14 09:10:00-04:00,245.97,246.06,245.9,245.97,4808.0,245.967,18
2025-10-14 09:15:00-04:00,245.98,246.1,245.92,246.09,8721.0,246.044,34
2025-10-14 09:20:00-04:00,246.09,246.1,245.9,246.0,12658.0,246.05,37
2025-10-14 09:25:00-04:00,246.1,246.81,246.0,246.5,17517.0,246.35,85
2025-10-14 09:30:00-04:00,246.6,247.14,245.5,246.51,1115972.0,246.491,4090
2025-10-14 09:35:00-04:00,246.43,246.88,245.95,246.16,425825.0,246.482,2624
2025-10-14 09:40:00-04:00,246.14,246.21,244.7,245.05,444202.0,245.278,2489
2025-10-14 09:45:00-04:00,245.09,245.57,244.79,245.17,325982.0,245.247,1873
2025-10-14 09:50:00-04:00,245.18,245.85,245.0,245.37,308284.0,245.358,2007
2025-10-14 09:55:00-04:00,245.39,246.34,245.38,246.24,335272.0,245.979,1886
2025-10-14 10:00:00-04:00,246.24,246.52,245.86,246.47,309075.0,246.179,1722
2025-10-14 10:05:00-04:00,246.49,246.79,246.19,246.42,338834.0,246.565,1944
2025-10-14 10:10:00-04:00,246.43,246.6,245.96,246.41,260409.0,246.294,1346
2025-10-14 10:15:00-04:00,246.41,247.08,246.31,246.66,255962.0,246.768,1525
2025-10-14 10:20:00-04:00,246.69,247.1,246.65,247.07,250205.0,246.886,1380
2025-10-14 10:25:00-04:00,247.09,247.23,246.77,247.02,294059.0,247.03,1717
2025-10-14 10:30:00-04:00,246.99,247.44,246.97,247.31,288038.0,247.257,1759
2025-10-14 10:35:00-04:00,247.33,247.5,247.05,247.06,211419.0,247.325,1218
2025-10-14 10:40:00-04:00,247.06,247.4,246.95,247.17,129899.0,247.198,885
2025-10-14 10:45:00-04:00,247.19,247.58,247.17,247.57,212884.0,247.359,1365
2025-10-14 10:50:00-04:00,247.58,247.7,247.09,247.31,222292.0,247.385,1417
2025-10-14 10:55:00-04:00,247.29,247.36,247.0,247.26,200381.0,247.2,1105
2025-10-14 11:00:00-04:00,247.26,247.45,247.26,247.45,139574.0,247.371,895
2025-10-14 11:05:00-04:00,247.44,247.75,246.97,246.99,196206.0,247.402,1240
2025-10-14 11:10:00-04:00,247.0,247.06,246.63,246.7,171278.0,246.836,1225
2025-10-14 11:15:00-04:00,246.7,246.7,246.26,246.41,244776.0,246.52,1451
2025-10-14 11:20:00-04:00,246.39,246.57,246.32,246.55,171878.0,246.437,1238
2025-10-14 11:25:00-04:00,246.56,246.58,246.12,246.22,125117.0,246.285,794
2025-10-14 11:30:00-04:00,246.23,246.49,246.17,246.42,160741.0,246.364,1009
2025-10-14 11:35:00-04:00,246.41,247.01,246.28,246.42,294358.0,246.755,1609
2025-10-14 11:40:00-04:00,246.46,247.19,246.36,246.97,169481.0,246.79,1137
2025-10-14 11:45:00-04:00,246.99,247.19,246.94,247.04,92290.0,247.038,617
2025-10-14 11:50:00-04:00,247.02,247.45,247.01,247.28,153562.0,247.232,967
2025-10-14 11:55:00-04:00,247.26,247.46,247.16,247.38,100126.0,247.341,679
2025-10-14 12:00:00-04:00,247.36,247.42,247.08,247.18,93287.0,247.24,650
2025-10-14 12:05:00-04:00,247.16,247.26,246.85,246.87,124476.0,247.039,718
2025-10-14 12:10:00-04:00,246.88,247.15,246.87,247.06,99000.0,247.027,631
2025-10-14 12:15:00-04:00,247.06,247.56,247.05,247.5,195130.0,247.314,925
2025-10-14 12:20:00-04:00,247.49,247.75,247.36,247.42,182226.0,247.582,976
2025-10-14 12:25:00-04:00,247.39,247.46,247.25,247.39,101863.0,247.351,699
2025-10-14 12:30:00-04:00,247.39,247.64,247.39,247.58,120092.0,247.517,693
2025-10-14 12:35:00-04:00,247.56,247.67,247.38,247.52,111169.0,247.548,654
2025-10-14 12:40:00-04:00,247.54,247.71,247.51,247.65,104614.0,247.604,661
2025-10-14 12:45:00-04:00,247.66,248.04,247.66,247.9,178056.0,247.876,936
2025-10-14 12:50:00-04:00,247.91,248.0,247.77,247.9,149757.0,247.889,870
2025-10-14 12:55:00-04:00,247.9,247.93,247.56,247.58,141719.0,247.71,829
2025-10-14 13:00:00-04:00,247.58,247.75,247.46,247.71,94573.0,247.606,647
2025-10-14 13:05:00-04:00,247.71,247.79,247.62,247.75,83379.0,247.714,509
2025-10-14 13:10:00-04:00,247.75,247.85,247.47,247.49,152785.0,247.668,682
2025-10-14 13:15:00-04:00,247.5,247.68,247.49,247.56,136448.0,247.619,669
2025-10-14 13:20:00-04:00,247.57,247.83,247.57,247.76,72106.0,247.719,491
2025-10-14 13:25:00-04:00,247.76,247.9,247.68,247.8,122932.0,247.79,617
2025-10-14 13:30:00-04:00,247.81,247.82,247.46,247.52,149508.0,247.677,943
2025-10-14 13:35:00-04:00,247.53,247.58,247.18,247.22,192922.0,247.351,1159
2025-10-14 13:40:00-04:00,247.21,247.61,247.2,247.61,97841.0,247.425,620
2025-10-14 13:45:00-04:00,247.61,247.78,247.54,247.58,96909.0,247.689,621
2025-10-14 13:50:00-04:00,247.57,247.74,247.42,247.61,97774.0,247.554,658
2025-10-14 13:55:00-04:00,247.61,247.64,247.4,247.58,102787.0,247.512,730
2025-10-14 14:00:00-04:00,247.58,247.71,247.38,247.44,112565.0,247.56,689
2025-10-14 14:05:00-04:00,247.45,247.55,247.33,247.36,88776.0,247.439,568
2025-10-14 14:10:00-04:00,247.32,247.59,247.3,247.44,162575.0,247.468,798
2025-10-14 14:15:00-04:00,247.43,247.51,247.36,247.38,98073.0,247.424,600
2025-10-14 14:20:00-04:00,247.38,247.41,247.25,247.26,105595.0,247.35,673
2025-10-14 14:25:00-04:00,247.25,247.54,247.17,247.49,112571.0,247.359,652
2025-10-14 14:30:00-04:00,247.49,247.62,247.48,247.54,95750.0,247.546,574
2025-10-14 14:35:00-04:00,247.53,247.54,247.17,247.22,117146.0,247.347,653
2025-10-14 14:40:00-04:00,247.2,247.53,247.14,247.49,151193.0,247.302,863
2025-10-14 14:45:00-04:00,247.49,247.55,247.35,247.54,124127.0,247.461,670
2025-10-14 14:50:00-04:00,247.54,247.65,247.48,247.56,113700.0,247.552,701
2025-10-14 14:55:00-04:00,247.56,247.96,247.48,247.94,389852.0,247.711,1953
2025-10-14 15:00:00-04:00,247.94,248.75,247.92,248.48,812213.0,248.298,2963
2025-10-14 15:05:00-04:00,248.49,248.67,248.19,248.28,215022.0,248.462,1360
2025-10-14 15:10:00-04:00,248.27,248.35,247.97,248.05,173496.0,248.175,1065
2025-10-14 15:15:00-04:00,248.05,248.06,247.9,247.99,166944.0,247.988,1049
2025-10-14 15:20:00-04:00,248.0,248.35,247.99,248.27,257103.0,248.187,1509
2025-10-14 15:25:00-04:00,248.26,248.43,248.09,248.42,229117.0,248.274,1375
2025-10-14 15:30:00-04:00,248.43,248.8,248.39,248.7,307993.0,248.565,1828
2025-10-14 15:35:00-04:00,248.7,248.85,247.86,248.47,723986.0,248.34,4062
2025-10-14 15:40:00-04:00,248.45,248.49,246.71,247.08,341166.0,247.605,1939
2025-10-14 15:45:00-04:00,247.06,247.42,246.9,247.2,293118.0,247.114,1777
2025-10-14 15:50:00-04:00,247.21,247.65,246.73,247.42,398239.0,247.256,2617
2025-10-14 15:55:00-04:00,247.4,248.03,247.13,247.85,1062057.0,247.646,6757
2025-10-14 16:00:00-04:00,247.85,248.15,247.52,247.77,7849646.0,247.77,94
2025-10-14 16:05:00-04:00,247.65,247.68,247.08,247.18,9656.0,247.535,55
2025-10-14 16:10:00-04:00,247.2,247.6,247.1,247.6,3301.0,247.246,22
2025-10-14 16:15:00-04:00,247.31,247.31,247.15,247.22,2009.0,247.227,12
2025-10-14 16:20:00-04:00,247.24,247.25,247.1,247.15,2710.0,247.208,20
2025-10-14 16:25:00-04:00,247.24,247.25,247.11,247.15,3286.0,247.176,14
2025-10-14 16:30:00-04:00,247.18,247.45,247.18,247.4,1196.0,247.38,7
2025-10-14 16:35:00-04:00,247.39,247.39,247.3,247.3,1927.0,247.343,3
2025-10-14 16:40:00-04:00,247.24,247.77,247.24,247.55,5016.0,247.535,18
2025-10-14 16:45:00-04:00,247.77,247.77,247.6,247.65,3306.0,247.668,8
2025-10-14 16:50:00-04:00,247.47,247.63,247.47,247.63,5054.0,247.586,7
2025-10-14 16:55:00-04:00,247.6,247.63,247.6,247.6,4564.0,247.601,7
2025-10-14 17:00:00-04:00,247.62,247.63,247.62,247.63,1837.0,247.629,5
2025-10-14 17:05:00-04:00,247.46,247.77,247.44,247.77,4505.0,247.746,3
2025-10-14 17:10:00-04:00,247.41,247.41,247.41,247.41,500.0,247.41,1
2025-10-14 17:15:00-04:00,247.44,247.58,247.44,247.56,1180.0,247.559,6
2025-10-14 17:20:00-04:00,247.56,247.56,247.55,247.55,400.0,247.553,3
2025-10-14 17:25:00-04:00,247.6,247.6,247.55,247.55,211.0,247.576,2
2025-10-14 17:30:00-04:00,247.6,247.6,247.6,247.6,300.0,247.6,1
2025-10-14 17:35:00-04:00,247.58,247.58,247.55,247.55,3370.0,247.552,5
2025-10-14 17:40:00-04:00,247.6,247.6,247.6,247.6,100.0,247.6,1
2025-10-14 17:45:00-04:00,247.44,247.44,247.3,247.3,324.0,247.397,2
2025-10-14 17:50:00-04:00,247.45,247.45,247.31,247.38,745.0,247.396,6
2025-10-14 17:55:00-04:00,247.32,247.47,247.32,247.46,651.0,247.425,5
2025-10-14 18:00:00-04:00,247.59,247.71,247.59,247.7,7858.0,247.69,27
2025-10-14 18:05:00-04:00,247.68,247.7,247.36,247.36,1784.0,247.66,14
2025-10-14 18:10:00-04:00,247.45,247.45,247.3,247.3,1199.0,247.327,4
2025-10-14 18:15:00-04:00,247.32,247.32,247.16,247.16,868.0,247.2,7
2025-10-14 18:20:00-04:00,247.18,247.3,247.17,247.3,757.0,247.239,7
2025-10-14 18:25:00-04:00,247.55,247.55,247.5,247.5,500.0,247.54,2
2025-10-14 18:30:00-04:00,247.31,247.31,247.27,247.27,1033.0,247.278,6
2025-10-14 18:35:00-04:00,247.38,247.51,247.38,247.5,2746.0,247.477,10
2025-10-14 18:40:00-04:00,247.5,247.5,247.5,247.5,0.0,247.5,0
2025-10-14 18:45:00-04:00,247.53,247.53,247.53,247.53,100.0,247.53,1
2025-10-14 18:50:00-04:00,247.5,247.5,247.5,247.5,100.0,247.5,1
2025-10-14 18:55:00-04:00,247.5,247.5,247.5,247.5,0.0,247.5,0
2025-10-14 19:00:00-04:00,247.68,247.68,247.36,247.36,350.0,247.589,2
2025-10-14 19:05:00-04:00,247.55,247.65,247.55,247.65,222.0,247.605,2
2025-10-14 19:10:00-04:00,247.68,247.69,247.68,247.69,303.0,247.686,2
2025-10-14 19:15:00-04:00,247.7,247.7,247.69,247.7,1327.0,247.695,9
2025-10-14 19:20:00-04:00,247.77,247.9,247.77,247.9,2075.0,247.782,19
2025-10-14 19:25:00-04:00,247.84,247.84,247.65,247.65,441.0,247.694,2
2025-10-14 19:30:00-04:00,247.65,247.65,247.65,247.65,0.0,247.65,0
2025-10-14 19:35:00-04:00,247.65,247.65,247.65,247.65,0.0,247.65,0
2025-10-14 19:40:00-04:00,247.65,247.65,247.65,247.65,0.0,247.65,0
2025-10-14 19:45:00-04:00,247.67,247.67,247.62,247.65,600.0,247.651,6
2025-10-14 19:50:00-04:00,247.71,247.79,247.61,247.61,1158.0,247.643,6
2025-10-14 19:55:00-04:00,247.61,247.69,247.28,247.36,4415.0,247.537,20
